Workbook

Sheet Project Instructions
A1: PR. 2 Analyzer
A2: Topics: - Conditional Formatting - WHAT IF Analysis - Linear Regression (Using Data Analysis Toolpak) - Data Analysis Feature (Descriptive Stats, Regression, Histogram) - Data Storytelling - Add Symbols or Arrows in Custom Formatting - Create Timestamp - Find High-Value Customers using Groupby(), index(), and match() combination - Advanced Descriptive Analytics - Pivot Table with Dashboard - Creating bar charts - Creating line charts - Creating pie charts Main Tasks: 1. Apply conditional formatting to highlight top 10 customers based on total purchase. 2. Perform WHAT IF Analysis to see impact of changing discount on total profit. 3. Use Data Analysis Toolpak to run Linear Regression (Profit vs Sales). 4. Use 'Descriptive Statistics' from Analysis Toolpak on the dataset. 5. Add up/down arrows on monthly sales growth. 6. Create a timestamp column using NOW(). 7. Identify high-value customers using index(), match(), and filters. 8. Create Pivot Table to analyze total sales by region and product. 9. Create bar, line, and pie charts to visualize KPIs. 10. Summarize insights using a dashboard. Deliverable: Complete the given worksheet by applying the required formulas in respective sheets.

Sheet regression
A1: SUMMARY OUTPUT
A3: Regression Statistics
A4: Multiple R | B4: 0.77340306
A5: R Square | B5: 0.5981523
A6: Adjusted R Square | B6: 0.59612277
A7: Standard Error | B7: 86.281231
A8: Observations | B8: 200
A10: ANOVA
B11: df | C11: SS | D11: MS | E11: F | F11: Significance F
A12: Regression | B12: 1 | C12: 2194058.2 | D12: 2194058.2 | E12: 294.72398 | F12: 4.6269368e-41
A13: Residual | B13: 198 | C13: 1474001.2 | D13: 7444.4507
A14: Total | B14: 199 | C14: 3668059.4
B16: Coefficients | C16: Standard Error | D16: t Stat | E16: P-value | F16: Lower 95% | G16: Upper 95% | H16: Lower 95.0% | I16: Upper 95.0%
A17: Intercept | B17: -1.0315505 | C17: 20.860617 | D17: -0.049449663 | E17: 0.9606108 | F17: -42.169052 | G17: 40.105951 | H17: -42.169052 | I17: 40.105951
A18: Sales | B18: 0.35085599 | C18: 0.020437189 | D18: 17.167527 | E18: 4.6269368e-41 | F18: 0.3105535 | G18: 0.39115848 | H18: 0.3105535 | I18: 0.39115848

Sheet sales statistics
A1: Sales
A3: Mean | B3: 976.0888
A4: Standard Error | B4: 21.16185
A5: Median | B5: 976.72
A6: Mode | B6: #N/A
A7: Standard Deviation | B7: 299.27376
A8: Sample Variance | B8: 89564.783
A9: Kurtosis | B9: -0.088595232
A10: Skewness | B10: 0.14685797
A11: Range | B11: 1665.15
A12: Minimum | B12: 258.51
A13: Maximum | B13: 1923.66
A14: Sum | B14: 195217.76
A15: Count | B15: 200

Sheet profit analysis
A1: Profit
A3: Mean | B3: 341.43505
A4: Standard Error | B4: 9.6001196
A5: Median | B5: 332.255
A6: Mode | B6: #N/A
A7: Standard Deviation | B7: 135.76619
A8: Sample Variance | B8: 18432.459
A9: Kurtosis | B9: 0.26450644
A10: Skewness | B10: 0.57339636
A11: Range | B11: 704.83
A12: Minimum | B12: 64.63
A13: Maximum | B13: 769.46
A14: Sum | B14: 68287.01
A15: Count | B15: 200

Sheet Dataset
A1: Customer_ID | B1: Customer_Name | C1: Region | D1: Product_Category | E1: Sales | F1: Quantity | G1: Discount | H1: Order_Date | I1: Profit
A2: CUST019 | B2: James Davis | C2: West | D2: Books | E2: 1036.09 | F2: 4 | G2: 0.2 | H2: 45392 | I2: 331.55
A3: CUST012 | B3: Robert Anderson | C3: West | D3: Clothing | E3: 1101.28 | F3: 3 | G3: 0.2 | H3: 45393 | I3: 440.51
A4: CUST017 | B4: James Taylor | C4: East | D4: Books | E4: 713.34 | F4: 17 | G4: 0 | H4: 45396 | I4: 285.34
A5: CUST005 | B5: Robert Anderson | C5: South | D5: Electronics | E5: 760.93 | F5: 4 | G5: 0.15 | H5: 45396 | I5: 161.7
A6: CUST030 | B6: James Wilson | C6: North | D6: Books | E6: 847 | F6: 12 | G6: 0.2 | H6: 45397 | I6: 271.04
A7: CUST007 | B7: Michael Anderson | C7: North | D7: Furniture | E7: 965.64 | F7: 8 | G7: 0.1 | H7: 45398 | I7: 304.18
A8: CUST001 | B8: Linda Wilson | C8: West | D8: Electronics | E8: 1317.53 | F8: 12 | G8: 0.05 | H8: 45398 | I8: 312.91
A9: CUST026 | B9: Mary Davis | C9: East | D9: Furniture | E9: 1074.47 | F9: 6 | G9: 0.2 | H9: 45401 | I9: 300.85
A10: CUST009 | B10: Linda Jackson | C10: Central | D10: Books | E10: 501.54 | F10: 11 | G10: 0.05 | H10: 45401 | I10: 190.59
A11: CUST010 | B11: David Thomas | C11: Central | D11: Clothing | E11: 737.31 | F11: 2 | G11: 0.05 | H11: 45401 | I11: 350.22
A12: CUST014 | B12: Emma Davis | C12: West | D12: Office Supplies | E12: 1572.82 | F12: 6 | G12: 0.05 | H12: 45402 | I12: 672.38
A13: CUST014 | B13: David Thomas | C13: Central | D13: Books | E13: 1343.13 | F13: 14 | G13: 0.15 | H13: 45404 | I13: 456.66
... A201: CUST016 | B201: David Thomas | C201: South | D201: Clothing | E201: 928.32 | F201: 2 | G201: 0.05 | H201: 45754 | I201: 440.95

Sheet customer analysis
A1: Customer_ID | B1: Customer_name | C1: Total purchase | D1: Rank | E1: Top 10 status | G1: {=_xlfn.SORTBY(A2:C31,C2:C31,-1)} -> CUST015 | H1: Linda Taylor | I1: 11611.06
A2: {=_xlfn._xlws.SORT(_xlfn.UNIQUE(Dataset!A2:A201))} -> CUST001 | B2: =_xlfn.XLOOKUP(A2,Dataset!A:A,Dataset!B:B,"Not Found") -> Linda Wilson | C2: =SUMIF(Dataset!$A:$A,A2,Dataset!$E:$E) -> 6549.55 | D2: =_xlfn.RANK.EQ(C2,$C$2:$C$31,0) -> 15 | E2: =IF(D2<=10,"TOP 10","") | G2: CUST028 | H2: Linda Taylor | I2: 10293.87
A3: CUST002 | B3: =_xlfn.XLOOKUP(A3,Dataset!A:A,Dataset!B:B,"Not Found") -> Lisa Davis | C3: =SUMIF(Dataset!$A:$A,A3,Dataset!$E:$E) -> 6481.43 | D3: =_xlfn.RANK.EQ(C3,$C$2:$C$31,0) -> 17 | E3: =IF(D3<=10,"TOP 10","") | G3: CUST007 | H3: Michael Anderson | I3: 9941.88
A4: CUST003 | B4: =_xlfn.XLOOKUP(A4,Dataset!A:A,Dataset!B:B,"Not Found") -> Emma Davis | C4: =SUMIF(Dataset!$A:$A,A4,Dataset!$E:$E) -> 8490.18 | D4: =_xlfn.RANK.EQ(C4,$C$2:$C$31,0) -> 7 | E4: =IF(D4<=10,"TOP 10","") -> TOP 10 | G4: CUST008 | H4: Robert Anderson | I4: 9760.8
A5: CUST004 | B5: =_xlfn.XLOOKUP(A5,Dataset!A:A,Dataset!B:B,"Not Found") -> Lisa Thomas | C5: =SUMIF(Dataset!$A:$A,A5,Dataset!$E:$E) -> 7813.59 | D5: =_xlfn.RANK.EQ(C5,$C$2:$C$31,0) -> 10 | E5: =IF(D5<=10,"TOP 10","") -> TOP 10 | G5: CUST026 | H5: Mary Davis | I5: 9371.81
A6: CUST005 | B6: =_xlfn.XLOOKUP(A6,Dataset!A:A,Dataset!B:B,"Not Found") -> Robert Anderson | C6: =SUMIF(Dataset!$A:$A,A6,Dataset!$E:$E) -> 6666.13 | D6: =_xlfn.RANK.EQ(C6,$C$2:$C$31,0) -> 14 | E6: =IF(D6<=10,"TOP 10","") | G6: CUST021 | H6: Sarah Anderson | I6: 8740.18
A7: CUST006 | B7: =_xlfn.XLOOKUP(A7,Dataset!A:A,Dataset!B:B,"Not Found") -> Mary Jackson | C7: =SUMIF(Dataset!$A:$A,A7,Dataset!$E:$E) -> 2699.75 | D7: =_xlfn.RANK.EQ(C7,$C$2:$C$31,0) -> 30 | E7: =IF(D7<=10,"TOP 10","") | G7: CUST003 | H7: Emma Davis | I7: 8490.18
A8: CUST007 | B8: =_xlfn.XLOOKUP(A8,Dataset!A:A,Dataset!B:B,"Not Found") -> Michael Anderson | C8: =SUMIF(Dataset!$A:$A,A8,Dataset!$E:$E) -> 9941.88 | D8: =_xlfn.RANK.EQ(C8,$C$2:$C$31,0) -> 3 | E8: =IF(D8<=10,"TOP 10","") -> TOP 10 | G8: CUST012 | H8: Robert Anderson | I8: 8339
A9: CUST008 | B9: =_xlfn.XLOOKUP(A9,Dataset!A:A,Dataset!B:B,"Not Found") -> Robert Anderson | C9: =SUMIF(Dataset!$A:$A,A9,Dataset!$E:$E) -> 9760.8 | D9: =_xlfn.RANK.EQ(C9,$C$2:$C$31,0) -> 4 | E9: =IF(D9<=10,"TOP 10","") -> TOP 10 | G9: CUST030 | H9: James Wilson | I9: 7928.71
A10: CUST009 | B10: =_xlfn.XLOOKUP(A10,Dataset!A:A,Dataset!B:B,"Not Found") -> Linda Jackson | C10: =SUMIF(Dataset!$A:$A,A10,Dataset!$E:$E) -> 6505.2 | D10: =_xlfn.RANK.EQ(C10,$C$2:$C$31,0) -> 16 | E10: =IF(D10<=10,"TOP 10","") | G10: CUST004 | H10: Lisa Thomas | I10: 7813.59
A11: CUST010 | B11: =_xlfn.XLOOKUP(A11,Dataset!A:A,Dataset!B:B,"Not Found") -> David Thomas | C11: =SUMIF(Dataset!$A:$A,A11,Dataset!$E:$E) -> 4259.22 | D11: =_xlfn.RANK.EQ(C11,$C$2:$C$31,0) -> 24 | E11: =IF(D11<=10,"TOP 10","") | G11: CUST024 | H11: David Brown | I11: 7583.13
A12: CUST011 | B12: =_xlfn.XLOOKUP(A12,Dataset!A:A,Dataset!B:B,"Not Found") -> Mary Davis | C12: =SUMIF(Dataset!$A:$A,A12,Dataset!$E:$E) -> 3762.29 | D12: =_xlfn.RANK.EQ(C12,$C$2:$C$31,0) -> 27 | E12: =IF(D12<=10,"TOP 10","") | G12: CUST014 | H12: Emma Davis | I12: 6729.89
A13: CUST012 | B13: =_xlfn.XLOOKUP(A13,Dataset!A:A,Dataset!B:B,"Not Found") -> Robert Anderson | C13: =SUMIF(Dataset!$A:$A,A13,Dataset!$E:$E) -> 8339 | D13: =_xlfn.RANK.EQ(C13,$C$2:$C$31,0) -> 8 | E13: =IF(D13<=10,"TOP 10","") -> TOP 10 | G13: CUST025 | H13: David Brown | I13: 6716.52
A14: CUST013 | B14: =_xlfn.XLOOKUP(A14,Dataset!A:A,Dataset!B:B,"Not Found") -> Robert Anderson | C14: =SUMIF(Dataset!$A:$A,A14,Dataset!$E:$E) -> 4162.44 | D14: =_xlfn.RANK.EQ(C14,$C$2:$C$31,0) -> 25 | E14: =IF(D14<=10,"TOP 10","") | G14: CUST005 | H14: Robert Anderson | I14: 6666.13
... A30: CUST029 | B30: =_xlfn.XLOOKUP(A30,Dataset!A:A,Dataset!B:B,"Not Found") -> David Smith | C30: =SUMIF(Dataset!$A:$A,A30,Dataset!$E:$E) -> 5779.05 | D30: =_xlfn.RANK.EQ(C30,$C$2:$C$31,0) -> 19 | E30: =IF(D30<=10,"TOP 10","") | G30: CUST006 | H30: Mary Jackson | I30: 2699.75
A31: CUST030 | B31: =_xlfn.XLOOKUP(A31,Dataset!A:A,Dataset!B:B,"Not Found") -> James Wilson | C31: =SUMIF(Dataset!$A:$A,A31,Dataset!$E:$E) -> 7928.71 | D31: =_xlfn.RANK.EQ(C31,$C$2:$C$31,0) -> 9 | E31: =IF(D31<=10,"TOP 10","") -> TOP 10

Sheet region analysis
A1: region | B1: total sales | C1: total profit | D1: total quantity | G1: region | H1: total profit | O1: region | P1: total quantity
A2: east | B2: =SUMIF(Dataset!$C$2:$C$201,A2,Dataset!$E$2:$E$201) -> 32441.64 | C2: =SUMIF(Dataset!$C$2:$C$201,A2,Dataset!$I$2:$I$201) -> 11638.59 | D2: =SUMIF(Dataset!$C$2:$C$201,A2,Dataset!$F$2:$F$201) -> 374 | G2: east | H2: =SUMIF(Dataset!$C$2:$C$201,G2,Dataset!$I$2:$I$201) -> 11638.59 | O2: east | P2: =SUMIF(Dataset!$C$2:$C$201,O2,Dataset!$F$2:$F$201) -> 374
A3: west | B3: =SUMIF(Dataset!$C$2:$C$201,A3,Dataset!$E$2:$E$201) -> 44083.58 | C3: =SUMIF(Dataset!$C$2:$C$201,A3,Dataset!$I$2:$I$201) -> 14985.83 | D3: =SUMIF(Dataset!$C$2:$C$201,A3,Dataset!$F$2:$F$201) -> 458 | G3: west | H3: =SUMIF(Dataset!$C$2:$C$201,G3,Dataset!$I$2:$I$201) -> 14985.83 | O3: west | P3: =SUMIF(Dataset!$C$2:$C$201,O3,Dataset!$F$2:$F$201) -> 458
A4: north | B4: =SUMIF(Dataset!$C$2:$C$201,A4,Dataset!$E$2:$E$201) -> 34975.42 | C4: =SUMIF(Dataset!$C$2:$C$201,A4,Dataset!$I$2:$I$201) -> 11902.28 | D4: =SUMIF(Dataset!$C$2:$C$201,A4,Dataset!$F$2:$F$201) -> 383 | G4: north | H4: =SUMIF(Dataset!$C$2:$C$201,G4,Dataset!$I$2:$I$201) -> 11902.28 | O4: north | P4: =SUMIF(Dataset!$C$2:$C$201,O4,Dataset!$F$2:$F$201) -> 383
A5: south | B5: =SUMIF(Dataset!$C$2:$C$201,A5,Dataset!$E$2:$E$201) -> 40248.79 | C5: =SUMIF(Dataset!$C$2:$C$201,A5,Dataset!$I$2:$I$201) -> 13691.91 | D5: =SUMIF(Dataset!$C$2:$C$201,A5,Dataset!$F$2:$F$201) -> 374 | G5: south | H5: =SUMIF(Dataset!$C$2:$C$201,G5,Dataset!$I$2:$I$201) -> 13691.91 | O5: south | P5: =SUMIF(Dataset!$C$2:$C$201,O5,Dataset!$F$2:$F$201) -> 374

Sheet Sheet2
A1: Discount | B1: Total Sales | C1: Total Profit
A2: 0 | B2: =SUM(Dataset!$E$2:$E$201) -> 195217.76 | C2: {=SUM(Dataset!$I$2:$I$201)+SUMPRODUCT(Dataset!$E$2:$E$201,$G$2:$G$201-A2)} -> 68287.01
A3: 0.05 | B3: =SUM(Dataset!$E$2:$E$201) -> 195217.76 | C3: {=SUM(Dataset!$I$2:$I$201)+SUMPRODUCT(Dataset!$E$2:$E$201,$G$2:$G$201-A3)} -> 58526.122
A4: 0.1 | B4: =SUM(Dataset!$E$2:$E$201) -> 195217.76 | C4: {=SUM(Dataset!$I$2:$I$201)+SUMPRODUCT(Dataset!$E$2:$E$201,$G$2:$G$201-A4)} -> 48765.234
A5: 0.15 | B5: =SUM(Dataset!$E$2:$E$201) -> 195217.76 | C5: {=SUM(Dataset!$I$2:$I$201)+SUMPRODUCT(Dataset!$E$2:$E$201,$G$2:$G$201-A5)} -> 39004.346
A6: 0.2 | B6: =SUM(Dataset!$E$2:$E$201) -> 195217.76 | C6: {=SUM(Dataset!$I$2:$I$201)+SUMPRODUCT(Dataset!$E$2:$E$201,$G$2:$G$201-A6)} -> 29243.458
A7: 0.25 | B7: =SUM(Dataset!$E$2:$E$201) -> 195217.76 | C7: {=SUM(Dataset!$I$2:$I$201)+SUMPRODUCT(Dataset!$E$2:$E$201,$G$2:$G$201-A7)} -> 19482.57

Sheet timestamp
A1: current dare and time
A2: =NOW() -> 46310.515

Sheet monthly sales growth
A1: month | B1: total sales | C1: growth%
A2: 45383 | B2: =SUMIFS(Dataset!$E$2:$E$201,Dataset!$H$2:$H$201,">="&A2,Dataset!$H$2:$H$201,"<"&EDATE(A2,1)) -> 19029.96
A3: 45413 | B3: =SUMIFS(Dataset!$E$2:$E$201,Dataset!$H$2:$H$201,">="&A3,Dataset!$H$2:$H$201,"<"&EDATE(A3,1)) -> 18507.34 | C3: =(B3-B2)/B2 -> -0.027463011
A4: 45444 | B4: =SUMIFS(Dataset!$E$2:$E$201,Dataset!$H$2:$H$201,">="&A4,Dataset!$H$2:$H$201,"<"&EDATE(A4,1)) -> 20187.51 | C4: =(B4-B3)/B3 -> 0.090783981
